text,category_truth,source
Diana in Search of Herself is average and gets a 3 out of 6 points,RateBook,snips_benchmark
put kan on my Indie Rock Road Trip,AddToPlaylist,snips_benchmark
Where is Road to the Stage playing,SearchScreeningEvent,snips_benchmark
What time is A Man for Burning playing,SearchScreeningEvent,snips_benchmark
What will the weather be in 1 day in Kuwait ?,GetWeather,snips_benchmark
Play a fifties album on Itunes .,PlayMusic,snips_benchmark
Play Thelma Aoyama 's latest concerto,PlayMusic,snips_benchmark
"In Apr. , I'd like to eat at a pub Manack Montana with 4 people",BookRestaurant,snips_benchmark
find films in the neighborhood,SearchScreeningEvent,snips_benchmark
add little pattie track in Nu Metal,AddToPlaylist,snips_benchmark
book for six for 1 hour and 1 minute from now,BookRestaurant,snips_benchmark
play a tune from 1973,PlayMusic,snips_benchmark
how's the weather looking in Pheba,GetWeather,snips_benchmark
Show me a copy of the picture Double Deal .,SearchCreativeWork,snips_benchmark
rate the book series Sons of Destiny a five,RateBook,snips_benchmark
add Muzika za decu to my Crash Course playlist,AddToPlaylist,snips_benchmark
Tell me the weather forecast nearby my current location,GetWeather,snips_benchmark
"Play the playlist, Hardstyle, Baby .",PlayMusic,snips_benchmark
I want to give the current novel 4 stars,RateBook,snips_benchmark
I'd like to book 4 seats at a restaurant .,BookRestaurant,snips_benchmark
Get me reservations for an indoor Honduras restaurant .,BookRestaurant,snips_benchmark
Is it warm in the current spot ?,GetWeather,snips_benchmark
I give the previous series four stars .,RateBook,snips_benchmark
"I'm looking to book a table at a place in Newton Falls , prefereably within the same area that has space for 6",BookRestaurant,snips_benchmark
give 4 out of 6 stars to this textbook,RateBook,snips_benchmark
Play my inventive playlist,PlayMusic,snips_benchmark
"Please book reservations at a restaurant that serves empanada , party for three with betty and dolly .",BookRestaurant,snips_benchmark
Give me the showtimes for animated movies at the nearest cinema .,SearchScreeningEvent,snips_benchmark
Add brad kane to the Pumping Iron soundtrack.,AddToPlaylist,snips_benchmark
rate The Beggar of Volubilis 1 out of 6,RateBook,snips_benchmark
Find a painting called Boating on the River Epte .,SearchCreativeWork,snips_benchmark
Open Spotify and play a song from the twenties by Richard Harvey,PlayMusic,snips_benchmark
Find the schedule for Death Valley Manhunt .,SearchScreeningEvent,snips_benchmark
Need to book a restaurnt for a party of nine on Thomas Jefferson's Birthday,BookRestaurant,snips_benchmark
Which movies are showing at Southern Theatres ?,SearchScreeningEvent,snips_benchmark
evangeline and petra cooper want to go to a restaurant in 9 years,BookRestaurant,snips_benchmark
I want to give Gay Male Pornography An Issue of Sex Discrimination a 1,RateBook,snips_benchmark
I want to give the current textbook 0 out of 6 stars,RateBook,snips_benchmark
Book the Ballylickey House for 7/16/2027 .,BookRestaurant,snips_benchmark
book in Romania for christian and susana at David Carpenter House,BookRestaurant,snips_benchmark
rate The Prince of Providence 2 points,RateBook,snips_benchmark
I need a reservation for Harveys this Winter in neighboring Wisconsin for terri and I,BookRestaurant,snips_benchmark
What animated movies are playing in the neighbourhood and when?,SearchScreeningEvent,snips_benchmark
Find and book me a taverna restaurant in Gilluly that serves lobster newberg,BookRestaurant,snips_benchmark
Will it get hotter around elevenses in KS ?,GetWeather,snips_benchmark
Can you book me a table for 9 in DE ?,BookRestaurant,snips_benchmark
Book a restaurant this year for party of 2,BookRestaurant,snips_benchmark
play The Happiest Days Of Our Lives by Tommy Emmanuel,PlayMusic,snips_benchmark
I'd like to watch In High Places,SearchScreeningEvent,snips_benchmark
rate the book Whit a zero,RateBook,snips_benchmark
What is the TV show Journal of Personality and Social Psychology ?,SearchCreativeWork,snips_benchmark
add this track to my party playlist,AddToPlaylist,snips_benchmark
Play Eve,PlayMusic,snips_benchmark
What animated movies are around here,SearchScreeningEvent,snips_benchmark
what is the weather forecast for Åland,GetWeather,snips_benchmark
I rate Step by Wicked Step 1 stars,RateBook,snips_benchmark
Add LA Woman to my soul lounge playlist.,AddToPlaylist,snips_benchmark
Can I get the Cineplex Odeon Corporation showings for Small Town Story ?,SearchScreeningEvent,snips_benchmark
add all the years to Concentración,AddToPlaylist,snips_benchmark
show me movie times at my local theater.,SearchScreeningEvent,snips_benchmark
Play the newest melody by Cisco Adler on pandora,PlayMusic,snips_benchmark
add artist abdel halim hafez to my conexiones playlist,AddToPlaylist,snips_benchmark
will you add Pat Kirtley to my covered in punk playlist,AddToPlaylist,snips_benchmark
Find the song called International Journal of Bilingualism,SearchCreativeWork,snips_benchmark
I give the Flash series 0 out of 6 .,RateBook,snips_benchmark
For my playlist Wild Country add a great day for freedom,AddToPlaylist,snips_benchmark
find The Dead Matter at Speakeasy Theaters,SearchScreeningEvent,snips_benchmark
give this book a rating of 3,RateBook,snips_benchmark
"find Remedial Chaos Theory , a soundtrack",SearchCreativeWork,snips_benchmark
Can you play the latest faust soundtrack from 1967 ?,PlayMusic,snips_benchmark
Check films screened at the closest cinema,SearchScreeningEvent,snips_benchmark
Need a creative work with the title Unholy Confessions,SearchCreativeWork,snips_benchmark
Put this song on legendary guitar solos,AddToPlaylist,snips_benchmark
Will it be warm in the current place next spring,GetWeather,snips_benchmark
I want to hear a top-50 track from Takahito Eguchi on Google Music,PlayMusic,snips_benchmark
Is Dummy playing at two a.m. ?,SearchScreeningEvent,snips_benchmark
add joan wasser to running playlist,AddToPlaylist,snips_benchmark
Rate this textbook a three,RateBook,snips_benchmark
Can I get the showings for Mysterious Crossing ?,SearchScreeningEvent,snips_benchmark
Book the Atomic Cafe for ten people.,BookRestaurant,snips_benchmark
What is the weather in Arkansas the city of Morrison,GetWeather,snips_benchmark
the stars total 6 but Journey Under the Midnight Sun gets a four,RateBook,snips_benchmark
give 4 out of 6 points to current essay,RateBook,snips_benchmark
Add an artist to my playlist Domingo Indie,AddToPlaylist,snips_benchmark
add tolmatschowa schwestern to my Street Dance playlist,AddToPlaylist,snips_benchmark
What films are playing at Goodrich Quality Theaters,SearchScreeningEvent,snips_benchmark
What movie theatre is playing Shed No Tears,SearchScreeningEvent,snips_benchmark
Is it snowy in Ocean Shores,GetWeather,snips_benchmark
I want to book a table for me and my boss at Glassy Junction in Turkey .,BookRestaurant,snips_benchmark
add this song to my workout playlist,AddToPlaylist,snips_benchmark
What is the weather forecast for my current position,GetWeather,snips_benchmark
add antisleep volume 04 in All Out 70s playlist,AddToPlaylist,snips_benchmark
For my playlist Latin Pop Rising add Aira Yuhki,AddToPlaylist,snips_benchmark
Book a restaurant 2 months from now for seven people in New Caledonia .,BookRestaurant,snips_benchmark
I want to give Select Conversations with an Uncle 5 stars,RateBook,snips_benchmark
I want to hear Major Harris 's songs from the fifties,PlayMusic,snips_benchmark
add steel guitar rag in acoustic covers the mash ups,AddToPlaylist,snips_benchmark
I need a reservation for four at a bar,BookRestaurant,snips_benchmark
rat the current textbook a two out of 6 points,RateBook,snips_benchmark
I need to book a restaurant in Sunnybrook for 7,BookRestaurant,snips_benchmark
I want to watch Supernatural The Unseen Powers of Animals,SearchCreativeWork,snips_benchmark
find The Angry Birds Movie,SearchCreativeWork,snips_benchmark
"Book a reservation for five people at a restaurant with pool in Benkelman , MI in Apr.",BookRestaurant,snips_benchmark
Use netflix to play a record by Emil Gilels from year 2015,PlayMusic,snips_benchmark
Find a game called The Guyra Ghost Mystery .,SearchCreativeWork,snips_benchmark
show movie schedules at Megaplex Theatres,SearchScreeningEvent,snips_benchmark
find a video game called The Yellow Claw,SearchCreativeWork,snips_benchmark
What is the weather forecast for New Mexico,GetWeather,snips_benchmark
I would like to book a restaurant for souvlaki cuisine in the state of NE,BookRestaurant,snips_benchmark
read the novel Friend The Great Legacy,SearchCreativeWork,snips_benchmark
Add Richard McNamara newest song to the Just Smile playlist,AddToPlaylist,snips_benchmark
add this artist named Kirk Hammett to my playlist Los 40 Radio Éxitos,AddToPlaylist,snips_benchmark
What is the weather forecast two hours and seventeen seconds from now in Elgin Schoolhouse State Historic Site,GetWeather,snips_benchmark
is it going to be chilly on 12/13/2025 in Haugan Pakistan,GetWeather,snips_benchmark
What animated movies are playing at the closest movie theatre,SearchScreeningEvent,snips_benchmark
Give this series 4 stars,RateBook,snips_benchmark
Put frank portman in my playlist GOOD Music,AddToPlaylist,snips_benchmark
Can I get the movie schedules for Loews Cineplex in six hours seventeen minutes and eighteen seconds .,SearchScreeningEvent,snips_benchmark
find the painting The Adventures of Teddy Ruxpin,SearchCreativeWork,snips_benchmark
"find Mother Earth , a TV show",SearchCreativeWork,snips_benchmark
add this track to my Hands Up playlist,AddToPlaylist,snips_benchmark
add licorice mckechnie to just dance by aftercluv,AddToPlaylist,snips_benchmark
Show me when and where I can see Song of Summer,SearchScreeningEvent,snips_benchmark
Add the second three years to my workout twerkout playlist,AddToPlaylist,snips_benchmark
play chant on groove shark from 1996,PlayMusic,snips_benchmark
Play me a seventies ep,PlayMusic,snips_benchmark
What's the weather going to be like in a week at Big Walnut Creek Nature Preserve ?,GetWeather,snips_benchmark
add people take pictures of each other to Rhythm and Blues playlist,AddToPlaylist,snips_benchmark
Book a table for 6 in New Hampshire for next week .,BookRestaurant,snips_benchmark
Can you find me Cracks the Safe ?,SearchCreativeWork,snips_benchmark
I want to hear some Boris Grebenchtchikov on Zvooq,PlayMusic,snips_benchmark
add digging now to my Young at Heart playlist,AddToPlaylist,snips_benchmark
Play Eddie Meduza from the thirties,PlayMusic,snips_benchmark
Open Youtube and play Connie Francis Sings Spanish And Latin American Favorites from Yukiko Iwai,PlayMusic,snips_benchmark
add songs tune in Reggae Infusions,AddToPlaylist,snips_benchmark
Please add tobymac 's song onto the indiespensables playlist.,AddToPlaylist,snips_benchmark
What time is Southern Theatres showing Ukraine Is Not a Brothel ?,SearchScreeningEvent,snips_benchmark
At four pm . I need a table for 8 at a restaurant in Guernsey that serves salade .,BookRestaurant,snips_benchmark
give 0 points to current series,RateBook,snips_benchmark
Where is the nearest cinema playing Rainbow Eyes that starts in one minute ?,SearchScreeningEvent,snips_benchmark
I need to book a table for claudia and imelda at a brasserie that is top-rated,BookRestaurant,snips_benchmark
Book a popular restaurant for two which is distant from Avalon .,BookRestaurant,snips_benchmark
What are the movie times for films playing in the area ?,SearchScreeningEvent,snips_benchmark
Will there be a lot of sun in Dry Prong Somalia at 5 pm,GetWeather,snips_benchmark
Play some Psychedelic Rock .,PlayMusic,snips_benchmark
Is Storm Warning playing,SearchScreeningEvent,snips_benchmark
Find the Rewind the Film TV show,SearchCreativeWork,snips_benchmark
What is the weather forecast for Papua New Guinea,GetWeather,snips_benchmark
What movie theatre has A Matter of Wife... And Death,SearchScreeningEvent,snips_benchmark
Will it be hotter in CT at 6 am,GetWeather,snips_benchmark
Find the movie schedules,SearchScreeningEvent,snips_benchmark
What's the weather forecast for Austin Liechtenstein,GetWeather,snips_benchmark
Find me the Travel Weekly,SearchCreativeWork,snips_benchmark
Play some twenties chant music on Slacker,PlayMusic,snips_benchmark
Check the forecast for Natchaug State Forest,GetWeather,snips_benchmark
Where can I see the movie Across the Line The Exodus of Charlie Wright ?,SearchCreativeWork,snips_benchmark
table for 5 AM . at Baker’s Keyboard Lounge,BookRestaurant,snips_benchmark
Play the top caleigh peters .,PlayMusic,snips_benchmark
What's the weather forecast for Porphyry Island Provincial Park right now,GetWeather,snips_benchmark
I'm in the mood to listen to meditative music.,PlayMusic,snips_benchmark
What is the weather looking like in Prosser on feb. the 18th ?,GetWeather,snips_benchmark
Can I get the Butterfly Crush showings,SearchScreeningEvent,snips_benchmark
Show movie schedules with movies in the neighborhood,SearchScreeningEvent,snips_benchmark
I want Jean-Georges for a party of 2,BookRestaurant,snips_benchmark
when can iw atch Great Balls of Fire! - Vampate di fuoco,SearchScreeningEvent,snips_benchmark
I'm looking for the trailer to Evil or Divine - Live in New York City .,SearchCreativeWork,snips_benchmark
Which cinema can I go to to see Lilly the Witch The Dragon and the Magic Book ?,SearchScreeningEvent,snips_benchmark
Book a table for 1 at RingSide Steakhouse in Hurricane .,BookRestaurant,snips_benchmark
The current textbook Gets 3 stars,RateBook,snips_benchmark
Is there snow in the District Of Columbia,GetWeather,snips_benchmark
search for the trailer The Thieving Magpie,SearchCreativeWork,snips_benchmark
"book a spot for marlene, jordan and I on oct. the 6th",BookRestaurant,snips_benchmark
Rate Decoding Reality 0 points,RateBook,snips_benchmark
find Journal of the Society for American Music,SearchCreativeWork,snips_benchmark
Play Salmonella Dub Dvd by mario rubalcaba on Vimeo,PlayMusic,snips_benchmark
rate the current chronicle five stars,RateBook,snips_benchmark
I would give Feast of the Innocents a value of 1,RateBook,snips_benchmark
Play fifties music on Slacker .,PlayMusic,snips_benchmark
will there be hail in Kaffir,GetWeather,snips_benchmark
Find a painting called Pulsions .,SearchCreativeWork,snips_benchmark
give it a 0 for this essay,RateBook,snips_benchmark
Add an artist to my Hype list,AddToPlaylist,snips_benchmark
What is the weather one second from now in Blue Ridge Berryessa Natural Area,GetWeather,snips_benchmark
where can I find a painting called Battlestations Pacific,SearchCreativeWork,snips_benchmark
Play Rap Album One by Gene Vincent .,PlayMusic,snips_benchmark
Tell me when Howling II Your Sister Is a Werewolf is playing.,SearchScreeningEvent,snips_benchmark
rate the current essay three points,RateBook,snips_benchmark
add this tune to my guest list gamesradar playlist,AddToPlaylist,snips_benchmark
book a spot for 8 at a popular taverna,BookRestaurant,snips_benchmark
What films are playing around here,SearchScreeningEvent,snips_benchmark
Play a 1958 soundtrack by Rudolf Schenker on Netflix .,PlayMusic,snips_benchmark
Add an album to my playlist bachata lovers,AddToPlaylist,snips_benchmark
Where is the closest movie theatre that is playing movies now,SearchScreeningEvent,snips_benchmark
Rate this current novel 5 points,RateBook,snips_benchmark
Is it warm in Vietnam,GetWeather,snips_benchmark
I need to know the forecast for two am in Grand Lake Towne,GetWeather,snips_benchmark
"Will it be even hotter 2 years from now in El Jebel , Niger",GetWeather,snips_benchmark
Show me the weather forecast for the city of Spencer,GetWeather,snips_benchmark
Add Justin McRoberts to this is chopin,AddToPlaylist,snips_benchmark
play the newest ep from the sixties,PlayMusic,snips_benchmark
I need a reservation for 3 at Clinton Street Baking Company & Restaurant,BookRestaurant,snips_benchmark
"book spot for mavis, sheila and I in Syria at elevenses",BookRestaurant,snips_benchmark
Add Mary Wells Sings My Guy to the electro sur playlist.,AddToPlaylist,snips_benchmark
give this a 0 for this book,RateBook,snips_benchmark
Will it be windy at two PM in France ?,GetWeather,snips_benchmark
What movies are going to be screened at Caribbean Cinemas at fourteen o'clock ?,SearchScreeningEvent,snips_benchmark
movie times at Consolidated Theatres,SearchScreeningEvent,snips_benchmark
Play That Stubborn Kinda Fellow by Michael Amott,PlayMusic,snips_benchmark
Rate Shadow of Night a 1,RateBook,snips_benchmark
"find Face the Truth , a TV show",SearchCreativeWork,snips_benchmark
Play me the track Mama Liked The Roses,PlayMusic,snips_benchmark
what is the forecast for Costa Rica,GetWeather,snips_benchmark
"Book a reservation at a restaurant with me, matilda and deana",BookRestaurant,snips_benchmark
Play some Hong Junyang .,PlayMusic,snips_benchmark
Will it be humid in Beedeville on november 20,GetWeather,snips_benchmark
Swine Not ? deserves four points,RateBook,snips_benchmark
Will there be sun around here ?,GetWeather,snips_benchmark
add track to kickass metal,AddToPlaylist,snips_benchmark
Book a table for ten people at a restaurant which serves snack .,BookRestaurant,snips_benchmark
Please search for Sealed with a Kiss movie .,SearchCreativeWork,snips_benchmark
I'd like a table at a top-rated tea house with javanese cuisine this week in Germany,BookRestaurant,snips_benchmark
I'm looking for the television show The Flame,SearchCreativeWork,snips_benchmark
book a spot for 3 in Egypt at five,BookRestaurant,snips_benchmark
Please find me the Olympia 74 soundtrack .,SearchCreativeWork,snips_benchmark
Book a reservation for a southern brazilian restaurant for 10 people within walking distance of Broadway-Lafayette St,BookRestaurant,snips_benchmark
Is it hotter here on Navy Birthday,GetWeather,snips_benchmark
find Andreas Hofer at elevenses,SearchScreeningEvent,snips_benchmark
find me The Seven-Ups,SearchCreativeWork,snips_benchmark
Where and when is Douglas playing?,SearchScreeningEvent,snips_benchmark
"book a restaurant in Clawson , MS for one",BookRestaurant,snips_benchmark
show creativity of The Oxford Companion to Beer TV show,SearchCreativeWork,snips_benchmark
book a table at Serendipity 3 in Veyo for now,BookRestaurant,snips_benchmark
Add Tobias Sammet to my bring back the 90s list,AddToPlaylist,snips_benchmark
Add morten harket to this is puccini,AddToPlaylist,snips_benchmark
How hot will be there in Kanwar Lake Bird Sanctuary tomorrow ?,GetWeather,snips_benchmark
Book a table for 2 at a restaurant in Follett,BookRestaurant,snips_benchmark
Will it be cloudy not far from Allenton,GetWeather,snips_benchmark
Open youtube,PlayMusic,snips_benchmark
What will the weather be in Angle Cape Verde at midnight ?,GetWeather,snips_benchmark
I need a table for 4 in Florida,BookRestaurant,snips_benchmark
the last essay is a 2 out of 6,RateBook,snips_benchmark
I want a list of showings of Days of Fire at Harkins Theatres,SearchScreeningEvent,snips_benchmark
Find a novel called Testing Anywhere .,SearchCreativeWork,snips_benchmark
What movie theatre playing animated movies is the closest,SearchScreeningEvent,snips_benchmark
Rate my current album 5 points,RateBook,snips_benchmark
Find me the song called The Budapest Beacon .,SearchCreativeWork,snips_benchmark
give my current book one of 6 stars,RateBook,snips_benchmark
Book Mars 2112 in Rwanda for 4 people.,BookRestaurant,snips_benchmark
What will be the night temperate in Indiana ?,GetWeather,snips_benchmark
Find the movie schedules for nearby movies .,SearchScreeningEvent,snips_benchmark
movie schedule at Cinemark Theatres,SearchScreeningEvent,snips_benchmark
play Matt Walker tunes,PlayMusic,snips_benchmark
Can you play something from 1966 by Mc Ren on Spotify,PlayMusic,snips_benchmark
book a brasserie for seven in West Yellowstone,BookRestaurant,snips_benchmark
Find the picture of The Harsh Light of Day,SearchCreativeWork,snips_benchmark
Play some dance music.,PlayMusic,snips_benchmark
I need a reservation for 6 PM. with a party of 10 at Sand Lake,BookRestaurant,snips_benchmark
Where can I find information on Brats in Battalions ?,SearchCreativeWork,snips_benchmark
Rate Hocus Bogus a 4 .,RateBook,snips_benchmark
The A Mighty Fortress series should be rated a two,RateBook,snips_benchmark
Find The Gill Deacon Show .,SearchCreativeWork,snips_benchmark
What movies are playing at Dipson Theatres,SearchScreeningEvent,snips_benchmark
Give The Case of Jennie Brice 4 stars out of 6,RateBook,snips_benchmark
this album is the last and rated five,RateBook,snips_benchmark
I'm looking for a job in Inversion,SearchCreativeWork,snips_benchmark
Book a table for nine people in Svalbard and Jan Mayen .,BookRestaurant,snips_benchmark
I need to know the weather seven weeks from now in Morgan–Monroe State Forest,GetWeather,snips_benchmark
I want to give The First Person and Other Stories 0 out of 6 stars,RateBook,snips_benchmark
Find the movie schedule for Great Escape Theatres .,SearchScreeningEvent,snips_benchmark
I give the previous saga 4 out of 6,RateBook,snips_benchmark
When is The Jailbird showing at United Paramount Theatres,SearchScreeningEvent,snips_benchmark
"find Something Crucial , a book",SearchCreativeWork,snips_benchmark
Use the service Itunes to play melody from 1998,PlayMusic,snips_benchmark
Rate Definitely Dead saga 5 points out of 6,RateBook,snips_benchmark
Is there a storm in the weather forecast for Baraga Oregon,GetWeather,snips_benchmark
Weather here at two pm,GetWeather,snips_benchmark
Play the music genre Synthpop,PlayMusic,snips_benchmark
Play some Robbie Merrill .,PlayMusic,snips_benchmark
Open Zvooq and play the best songs from Device,PlayMusic,snips_benchmark
I'm in Bowling Green . Please book a restaurant for 1 close by .,BookRestaurant,snips_benchmark
Book a reservation for my parents and I at Red Crown Tourist Court in Slovakia,BookRestaurant,snips_benchmark
I want to hear Sebastian 's songs from the thirties on Youtube,PlayMusic,snips_benchmark
Show me the movie Operetta for the Theatre Organ,SearchCreativeWork,snips_benchmark
find a movie house with Ulterior Motive that is closest,SearchScreeningEvent,snips_benchmark
"book a restaurant this week for joni, wilda sanders and I in AL",BookRestaurant,snips_benchmark
I am giving the current novel a four out of 6 rating.,RateBook,snips_benchmark
Can you find the show The Dumping Ground Survival Files,SearchCreativeWork,snips_benchmark
Let me get reservations at a place neighboring Indonesia on August the nineteenth .,BookRestaurant,snips_benchmark
find a television show called Sensation Comics,SearchCreativeWork,snips_benchmark
Show me the television show called South California Purples,SearchCreativeWork,snips_benchmark
What's the weather in Mettawa Oklahoma,GetWeather,snips_benchmark
Show me a picture of Love,SearchCreativeWork,snips_benchmark
put Michael Cretu onto my Beach Vibes playlist,AddToPlaylist,snips_benchmark
what films are showing at Century Theatres,SearchScreeningEvent,snips_benchmark
gwen carter and I want a reservation in the Dominican Republic,BookRestaurant,snips_benchmark
I rate The Blood of Others series only five points .,RateBook,snips_benchmark
book a restaurant for four in Trinidad and Tobago,BookRestaurant,snips_benchmark
play any sixties song,PlayMusic,snips_benchmark
Give me a forecast for Carol City,GetWeather,snips_benchmark
"What's the weather forecast for TN on december seventh, 2026 ?",GetWeather,snips_benchmark
put this album in my Fiesta section,AddToPlaylist,snips_benchmark
add The Spine Surfs Alone to my playlist called The Funny Thing About Football Is,AddToPlaylist,snips_benchmark
Play Rock This playlist with Badonviller Marsch,AddToPlaylist,snips_benchmark
Show me the forecast for Anatone Louisiana on November 7th,GetWeather,snips_benchmark
Is there any snowfall in Shubuta,GetWeather,snips_benchmark
I want the photograph of Walt Before Mickey,SearchCreativeWork,snips_benchmark
give zero points out of 6 to The Devil in a Forest,RateBook,snips_benchmark
Play my Masters of Metal playlist on Spotify,PlayMusic,snips_benchmark
Lets go and take elsa and I to Westhampton Beach in 1 hour to the american chinese cuisine at the tea house,BookRestaurant,snips_benchmark
Add the entity Por una cabeza to my playlist Forever Alone,AddToPlaylist,snips_benchmark
play pandora,PlayMusic,snips_benchmark
"find Trauma Center New Blood , an album",SearchCreativeWork,snips_benchmark
What is the Read All About It picture ?,SearchCreativeWork,snips_benchmark
what is the weather forecast this week close-by my current position,GetWeather,snips_benchmark
Add vikku vinayakram to my This Is Nicky Jam,AddToPlaylist,snips_benchmark
Where to buy video game of Think Fast,SearchCreativeWork,snips_benchmark
Play some music from 1989 by Sanjeev Abhyankar .,PlayMusic,snips_benchmark
"Out of 6 , I give the following book zero .",RateBook,snips_benchmark
Can I hear a Da Brat ep ?,PlayMusic,snips_benchmark
find the photograph Canaich,SearchCreativeWork,snips_benchmark
Put The Orange and the Green on Los 40 Radio Éxitos,AddToPlaylist,snips_benchmark
Use Deezer to play the last song from Lee Dorrian,PlayMusic,snips_benchmark
When is Beyond My Reach scheduled at the nearest cinema ?,SearchScreeningEvent,snips_benchmark
Book a table for a party of 7 next year in ID .,BookRestaurant,snips_benchmark
play Are & Be,PlayMusic,snips_benchmark
Show me the picture The afternoon,SearchCreativeWork,snips_benchmark
Play Dave Mason 's soundtrack on Last Fm .,PlayMusic,snips_benchmark
What will the weather be in the Flight Park State Recreation Area ?,GetWeather,snips_benchmark
Book me a bar that's highly rated for georgia and I in Burkina,BookRestaurant,snips_benchmark
For the book The Sting of the Scorpion I give three of a possiable 6 rating,RateBook,snips_benchmark
PLpay the top ten track from Asia Nitollano on spotify .,PlayMusic,snips_benchmark
add ali lohan songs in Club Hits,AddToPlaylist,snips_benchmark
Add song to my underground hits,AddToPlaylist,snips_benchmark
add Chris de Burgh in my playlist melancholia,AddToPlaylist,snips_benchmark
I want to give this current textbook 4 points .,RateBook,snips_benchmark
find me a game called Thesis Eleven,SearchCreativeWork,snips_benchmark
Play me a twenties song,PlayMusic,snips_benchmark
Give me the movie times at Warren Theatres .,SearchScreeningEvent,snips_benchmark
add gina schock to workout twerkout,AddToPlaylist,snips_benchmark
show creativity of The House of the Dead,SearchCreativeWork,snips_benchmark
Play the last Wellman Braud album relaesd,PlayMusic,snips_benchmark
rate The Practice of the Presence of God one of 6 points,RateBook,snips_benchmark
Rate In Enemy Hands five stars out of 6,RateBook,snips_benchmark
Will there be a storm on Christmas Day in my current place ?,GetWeather,snips_benchmark
what's the closest movie theatre showing Harbour Beat,SearchScreeningEvent,snips_benchmark
Is it warm faraway in Niger ?,GetWeather,snips_benchmark
Add a jacob miller album to my Hardcore Punk playlist.,AddToPlaylist,snips_benchmark
"What is the weather looking like for December the eleventh, 2034 in MD",GetWeather,snips_benchmark
I'd like a table for my step grandfather and I at Five Fifty-Five in NV,BookRestaurant,snips_benchmark
find movie times,SearchScreeningEvent,snips_benchmark
add Dying Mapa I to Más Que Amigos,AddToPlaylist,snips_benchmark
"Please find the novel , Good Doctor",SearchCreativeWork,snips_benchmark
What cinema is playing The White Stadium ?,SearchScreeningEvent,snips_benchmark
add track to my spring playlist,AddToPlaylist,snips_benchmark
give one point to Compendium of Analytical Nomenclature,RateBook,snips_benchmark
add scott putesky to concentración indie rock playlist,AddToPlaylist,snips_benchmark
is Agnew United States has chilly weather,GetWeather,snips_benchmark
ad artist to sxsw latin my playlist,AddToPlaylist,snips_benchmark
Find time for Enkitta Mothathe at Pacific Theatres,SearchScreeningEvent,snips_benchmark
I want to listen to the song Shamus,SearchCreativeWork,snips_benchmark
Please play Kabhi Jo Baadal Barse by Ruth Lorenzo,PlayMusic,snips_benchmark
give two points out of 6 to this novel,RateBook,snips_benchmark
what are the movie schedules for Great Escape Theatres,SearchScreeningEvent,snips_benchmark
Lets see the TV series 7even Year Itch .,SearchCreativeWork,snips_benchmark
Play a record from the seventies,PlayMusic,snips_benchmark
Play some Laurie Anderson .,PlayMusic,snips_benchmark
play some sad songs from the fifties,PlayMusic,snips_benchmark
Please rate The Lightning of August five points .,RateBook,snips_benchmark
What films are playing at the closest cinema,SearchScreeningEvent,snips_benchmark
something on Spotify please,PlayMusic,snips_benchmark
What movies can I see in the area ?,SearchScreeningEvent,snips_benchmark
Fine movie times for Loews Cineplex Entertainment .,SearchScreeningEvent,snips_benchmark
Rate this essay 1 stars,RateBook,snips_benchmark
Find WxHexEditor .,SearchCreativeWork,snips_benchmark
Rate A Conspiracy of Paper 4 of 6,RateBook,snips_benchmark
play drive playlist,PlayMusic,snips_benchmark
How will the weather be different 5 years from now in Waconia ?,GetWeather,snips_benchmark
add doing all right to string theory,AddToPlaylist,snips_benchmark
play Punk Essentials on Zvooq,PlayMusic,snips_benchmark
Is it cloudy in Vermont on 063026 pm,GetWeather,snips_benchmark
Rate the current book 1 points,RateBook,snips_benchmark
Let's hear stuff from Andrew Hewitt .,PlayMusic,snips_benchmark
book a restaurant for 8,BookRestaurant,snips_benchmark
add steve winwood to my playlist old school metal,AddToPlaylist,snips_benchmark
I want to add Mark Boston to my Power Walk list,AddToPlaylist,snips_benchmark
What movies are scheduled at Plitt Theatres ?,SearchScreeningEvent,snips_benchmark
add Días Felices to my todo reggaeton playlist,AddToPlaylist,snips_benchmark
I need a reservation for a restaurant that serves cupcakes in OH,BookRestaurant,snips_benchmark
Let me use netflix to listen to the last soundtrack from Out Of Eden .,PlayMusic,snips_benchmark
Add a track by flesh n bone to my totally alternative playlist.,AddToPlaylist,snips_benchmark
rate this book saga 3 out of 6 stars,RateBook,snips_benchmark
find a painting called Screen Souvenirs,SearchCreativeWork,snips_benchmark
book a brasserie with parking for 1,BookRestaurant,snips_benchmark
Search for Teenage Mutant Hero Turtles Fall of the Foot Clan photograph,SearchCreativeWork,snips_benchmark
give me the movie schedule for films in the area,SearchScreeningEvent,snips_benchmark
I need to add to the all things post starting with my favorites from the silence,AddToPlaylist,snips_benchmark
How can I see the show Pulse 2 Afterlife ?,SearchCreativeWork,snips_benchmark
give zero point to this textbook,RateBook,snips_benchmark
Please open pandora for me,PlayMusic,snips_benchmark
Can you put a song by jessica mauboy on my playlist entitled a sudden rainstorm,AddToPlaylist,snips_benchmark
rate the current chronicle series 4 out of 6 points,RateBook,snips_benchmark
Book a restaurant in Palestine for 8 people at 9 AM,BookRestaurant,snips_benchmark
Can you locate the saga for the Ringo Sheena discography,SearchCreativeWork,snips_benchmark
Give this album a rating of 4 .,RateBook,snips_benchmark
is Saint Robert hotter than Turkmenistan,GetWeather,snips_benchmark
What is the television show Phil Ochs There but for Fortune playing,SearchCreativeWork,snips_benchmark
Is Sheikh Chilli playing,SearchScreeningEvent,snips_benchmark
what is the forecast for Orienta for hotter weather,GetWeather,snips_benchmark
Rate this album a 3,RateBook,snips_benchmark
find Fox Theatres with The Caretaker,SearchScreeningEvent,snips_benchmark
Rate Wolves Eat Dogs 5 out of 6 points,RateBook,snips_benchmark
play Zvooq latest track by Peter Appleyard,PlayMusic,snips_benchmark
Would you put hammer onto the lunch playlist?,AddToPlaylist,snips_benchmark
show creativity of saga Frontier Marshal,SearchCreativeWork,snips_benchmark
Send the track from andrew hewitt to the piano ballads playlist,AddToPlaylist,snips_benchmark
What is the weather like in Great Bay National Wildlife Refuge ?,GetWeather,snips_benchmark
What is the weather in the Netherlands,GetWeather,snips_benchmark
find Italy Has Awakened at a Goodrich Quality Theaters,SearchScreeningEvent,snips_benchmark
What will the weather be in Allenwood ?,GetWeather,snips_benchmark
"Is it humid in Caddo Mills , KY ?",GetWeather,snips_benchmark
Please add the singer Valery Kipelov to the Perfect Concentration list,AddToPlaylist,snips_benchmark
add manuelita to my indiespensables playlist,AddToPlaylist,snips_benchmark
Wish to read the novel called The Wizard of Stone Mountain,SearchCreativeWork,snips_benchmark
Can you play an ep from the year 1958 ?,PlayMusic,snips_benchmark
Play a popular chant by Brian Epstein,PlayMusic,snips_benchmark
Add Ava Leigh to my Grime Instrumentals playlist,AddToPlaylist,snips_benchmark
Rate the current essay 0 .,RateBook,snips_benchmark
What will the humidity be in Beroun on aug. 26,GetWeather,snips_benchmark
Rate the Why Is Sex Fun? saga two of 6,RateBook,snips_benchmark
Can you please give me the forecast for the Dominica,GetWeather,snips_benchmark
Find the Another Ticket game,SearchCreativeWork,snips_benchmark
Rate this album 2 stars,RateBook,snips_benchmark
find the closest movie theatre with animated movies,SearchScreeningEvent,snips_benchmark
Look for the Learning & Behavior picture,SearchCreativeWork,snips_benchmark
I'd like to hear a track by Theo Keating .,PlayMusic,snips_benchmark
give 5 out of 6 to this book,RateBook,snips_benchmark
is it overcast close-by in Illinois,GetWeather,snips_benchmark
weather for MA in the morning,GetWeather,snips_benchmark
what is the ME forecast for Joanna,GetWeather,snips_benchmark
Look for the TV series The Stars at Saint Andrea,SearchCreativeWork,snips_benchmark
"book spot for four at Cliff House, San Francisco in Martinique",BookRestaurant,snips_benchmark
Find GoodReader .,SearchCreativeWork,snips_benchmark
book me and my grandparents a restaurant in Saint Helens South Dakota,BookRestaurant,snips_benchmark
Find a television show called Merced Sun-Star .,SearchCreativeWork,snips_benchmark
Play hanging in the balance by Nik Kershaw on Zvooq .,PlayMusic,snips_benchmark
book a sushis serving restaurant in Uzbekistan,BookRestaurant,snips_benchmark
find movies at Amco Entertainment starting in 8 seconds from now,SearchScreeningEvent,snips_benchmark
I need to add another track to my cleaning playlist.,AddToPlaylist,snips_benchmark
Is it warm in West Monroe,GetWeather,snips_benchmark
I would like to book a puglia food court in KY,BookRestaurant,snips_benchmark
Book a tea place at seven,BookRestaurant,snips_benchmark
I give the current textbook 0 of 6 points,RateBook,snips_benchmark
Find The Way West show,SearchCreativeWork,snips_benchmark
Is The Ghost Breakers playing at Plitt Theatres in two hours,SearchScreeningEvent,snips_benchmark
Book an outdoor restaurant .,BookRestaurant,snips_benchmark
